runID,name
340275,C1_D1_1
340263,C1_D1_2
340245,C1_D1_3
340266,C1_D2_1
340233,C1_D2_2
340271,C1_D2_3
340270,C1_S1_1
340246,C1_S1_2
340240,C1_S1_3
340282,C1_S2_1
340258,C1_S2_2
340259,C1_S2_3
340249,C1_X1_1
340232,C1_X1_2
340237,C1_X1_3
340243,C1_X2_1
340244,C1_X2_2
340241,C1_X2_3
340277,C2_D1_1
340278,C2_D1_2
340254,C2_D1_3
340267,C2_D2_1
340235,C2_D2_2
340236,C2_D2_3
340281,C2_S1_1
340251,C2_S1_2
340256,C2_S1_3
340238,C2_S2_1
340234,C2_S2_2
340229,C2_S2_3
340230,C2_X1_1
340250,C2_X1_2
340239,C2_X1_3
340262,C2_X2_1
340265,C2_X2_2
340257,C2_X2_3
340268,C3_D1_1
340255,C3_D1_2
340273,C3_D1_3
340269,C3_D2_1
340252,C3_D2_2
340264,C3_D2_3
340279,C3_S1_1
340280,C3_S1_2
340253,C3_S1_3
340276,C3_S2_1
340260,C3_S2_2
340272,C3_S2_3
340247,C3_X1_1
340248,C3_X1_2
340242,C3_X1_3
340261,C3_X2_1
340274,C3_X2_2
340231,C3_X2_3